INSERT INTO Users (user_id, name, email, phone, address) VALUES
(1, 'Алексей Иванов', 'alexey.ivanov@example.com', '79101234567', 'Москва, ул. Ленина, д. 12'),
(2, 'Мария Смирнова', 'maria.smirnova@example.com', '79213456789', 'СПб, пр. Мира, д. 45'),
(3, 'Игорь Петров', 'igor.petrov@example.com', '79051239876', 'Екатеринбург, ул. Пушкина, д. 10'),
(4, 'Наталья Соколова', 'natalya.sokolova@example.com', '79876543210', 'Новосибирск, ул. Гагарина, д. 5'),
(5, 'Дмитрий Кузнецов', 'dmitry.kuznetsov@example.com', '79991234567', 'Казань, ул. Чехова, д. 8'),
(6, 'Ольга Морозова', 'olga.morozova@example.com', '79123456789', 'Нижний Новгород, ул. Советская, д. 3'),
(7, 'Сергей Волков', 'sergey.volkov@example.com', '79011234567', 'Челябинск, ул. Карла Маркса, д. 22'),
(8, 'Елена Федорова', 'elena.fedorova@example.com', '79321234567', 'Омск, ул. Лермонтова, д. 14'),
(9, 'Анна Попова', 'anna.popova@example.com', '79561234567', 'Ростов, пр. Победы, д. 67'),
(10, 'Виктор Николаев', 'viktor.nikolaev@example.com', '79201239876', 'Уфа, ул. Кирова, д. 18'),
(11, 'Владимир Сидоров', 'vladimir.sidorov@example.com', '79104567891', 'Самара, ул. Молодежная, д. 4'),
(12, 'Ирина Алексеева', 'irina.alekseeva@example.com', '79034561234', 'Пермь, ул. Сибирская, д. 33'),
(13, 'Олег Михайлов', 'oleg.mikhailov@example.com', '79125678901', 'Воронеж, ул. Декабристов, д. 6'),
(14, 'Татьяна Белова', 'tatyana.belova@example.com', '79213459876', 'Красноярск, ул. Победы, д. 1'),
(15, 'Николай Орлов', 'nikolay.orlov@example.com', '79067891234', 'Иркутск, ул. Центральная, д. 7');

INSERT INTO ProductCategories (category_id, category_name) VALUES
(1, 'Электроника'),
(2, 'Бытовая техника'),
(3, 'Одежда'),
(4, 'Обувь'),
(5, 'Игрушки'),
(6, 'Канцтовары'),
(7, 'Книги'),
(8, 'Косметика'),
(9, 'Спорттовары'),
(10, 'Продукты питания'),
(11, 'Мебель'),
(12, 'Зоотовары'),
(13, 'Автотовары'),
(14, 'Сад и огород'),
(15, 'Товары для дома');

INSERT INTO Warehouses (warehouse_id, location) VALUES
(1, 'Москва, Склад №1'),
(2, 'Санкт-Петербург, Склад №2'),
(3, 'Казань, Склад №3'),
(4, 'Новосибирск, Склад №4'),
(5, 'Екатеринбург, Склад №5'),
(6, 'Нижний Новгород, Склад №6'),
(7, 'Ростов-на-Дону, Склад №7'),
(8, 'Самара, Склад №8'),
(9, 'Омск, Склад №9'),
(10, 'Пермь, Склад №10'),
(11, 'Челябинск, Склад №11'),
(12, 'Уфа, Склад №12'),
(13, 'Волгоград, Склад №13'),
(14, 'Красноярск, Склад №14'),
(15, 'Иркутск, Склад №15');

INSERT INTO Products (product_id, name, description, price, category_id, stock_quantity, warehouse_id) VALUES
(1, 'Смартфон Galaxy A12', 'Бюджетный смартфон с Android', 12999.99, 1, 50, 1),
(2, 'Ноутбук Lenovo IdeaPad', 'Ноутбук 15.6", 8ГБ RAM, SSD 256ГБ', 49999.99, 1, 20, 2),
(3, 'Фен Philips', 'Компактный фен для сушки и укладки волос', 2499.00, 2, 100, 3),
(4, 'Куртка зимняя мужская', 'Тёплая куртка с капюшоном и подкладкой', 6999.50, 3, 30, 4),
(5, 'Кроссовки Adidas', 'Удобные белые кроссовки, размер 42', 5999.99, 4, 40, 5),
(6, 'Кукла Барби', 'Игрушка для девочек от 3 лет, классический стиль', 1499.00, 5, 75, 6),
(7, 'Ручка гелевая', 'Набор синих гелевых ручек, 10 штук', 199.00, 6, 200, 7),
(8, 'Книга "Мастер и Маргарита"', 'Роман Михаила Булгакова, классика русской литературы', 399.00, 7, 60, 8),
(9, 'Тушь Maybelline', 'Чёрная водостойкая тушь для ресниц', 799.00, 8, 80, 9),
(10, 'Йога-мат', 'Нескользящий коврик для занятий йогой, 6мм', 1499.00, 9, 25, 10),
(11, 'Кофе молотый', 'Ароматный кофе 100% арабика, 250 г', 499.00, 10, 100, 11),
(12, 'Стул деревянный', 'Прочный стул из массива сосны с натуральной отделкой', 1999.00, 11, 15, 12),
(13, 'Корм для кошек', 'Сухой корм Purina One для взрослых кошек, 1.5 кг', 799.00, 12, 50, 13),
(14, 'Автомобильное зарядное', 'USB-зарядка для автомобиля с двумя выходами', 399.00, 13, 35, 14),
(15, 'Садовые перчатки', 'Комплект из 2 пар садовых перчаток, размер M', 249.00, 14, 90, 15),
(16, 'Фитнес-браслет Xiaomi', 'Фитнес-браслет с шагомером, мониторингом сна и пульса', 6525.59, 9, 92, 12),
(17, 'Смарт-часы Huawei', 'Смарт-часы с сенсорным экраном и GPS', 45046.71, 14, 116, 4),
(18, 'Планшет Samsung Galaxy Tab', 'Планшет с экраном 10.4", 64ГБ, Wi-Fi', 45845.53, 2, 73, 6),
(19, 'Блендер Bosch', 'Погружной блендер с насадками, мощность 600Вт', 9429.63, 6, 33, 11),
(20, 'Электрочайник Philips', 'Электрический чайник с фильтром и подсветкой', 3985.29, 13, 29, 8),
(21, 'Пуховик женский', 'Женский зимний пуховик с капюшоном, лёгкий и тёплый', 8902.44, 3, 56, 14),
(22, 'Ботинки зимние', 'Тёплые мужские ботинки на меху', 7356.15, 4, 48, 2),
(23, 'Конструктор LEGO', 'Классический набор LEGO с 300 деталями', 3154.75, 5, 71, 13),
(24, 'Настольная игра Monopoly', 'Экономическая настольная игра для всей семьи', 4532.97, 5, 65, 6),
(25, 'Маркер перманентный', 'Чёрный перманентный маркер для письма на любых поверхностях', 358.99, 6, 198, 7),
(26, 'Книга "1984"', 'Антиутопия Джорджа Оруэлла о тоталитарном будущем', 699.00, 7, 84, 8),
(27, 'Помада L’Oreal', 'Стойкая губная помада насыщенного оттенка', 1209.50, 8, 130, 9),
(28, 'Скакалка спортивная', 'Профессиональная скакалка с подшипниками', 949.00, 9, 34, 10),
(29, 'Чай зелёный', 'Листовой зелёный чай, 200 г, с лёгким ароматом жасмина', 559.00, 10, 99, 11),
(30, 'Тумба прикроватная', 'Современная прикроватная тумба с двумя ящиками', 6599.00, 11, 21, 12),
(31, 'Игрушка мягкая медведь', 'Плюшевый медвежонок, высота 40 см', 1299.00, 5, 73, 13),
(32, 'Зарядка MagSafe', 'Беспроводное зарядное устройство для iPhone', 3299.00, 13, 47, 14),
(33, 'Грабли садовые', 'Металлические грабли с деревянной ручкой', 849.00, 14, 88, 15),
(34, 'Масло оливковое', 'Оливковое масло первого холодного отжима, 500 мл', 699.00, 10, 110, 11),
(35, 'Набор кастрюль', 'Набор из 3 кастрюль из нержавеющей стали', 3899.00, 11, 38, 12);

DELETE FROM Orders;
INSERT INTO Orders (order_id, user_id, order_date, total_amount) VALUES
(1, 1, '2024-03-01 10:15', 6397.99),
(2, 2, '2024-03-02 12:30', 13398.99),
(3, 3, '2024-03-03 09:20', 399.00),
(4, 4, '2024-03-04 15:45', 2499.00),
(5, 5, '2024-03-05 11:00', 6999.50),
(6, 6, '2024-03-06 14:10', 799.00),
(7, 7, '2024-03-07 16:25', 1499.00),
(8, 8, '2024-03-08 10:50', 1198.00),
(9, 9, '2024-03-09 13:00', 199.00),
(10, 10, '2024-03-10 17:30', 2448.00),
(11, 11, '2024-03-11 09:15', 49999.99),
(12, 12, '2024-03-12 11:45', 3513.74),
(13, 13, '2024-03-13 13:25', 1299.00),
(14, 14, '2024-03-14 14:30', 1617.00),
(15, 15, '2024-03-15 10:10', 1098.00),
(16, 1, '2024-03-16 15:55', 6525.59),
(17, 2, '2024-03-17 16:10', 8598.00),
(18, 3, '2024-03-18 12:00', 7356.15),
(19, 4, '2024-03-19 13:50', 799.00),
(20, 5, '2024-03-20 08:40', 6031.97),
(21, 6, '2024-03-21 09:30', 699.00),
(22, 7, '2024-03-22 17:05', 10111.94),
(23, 8, '2024-03-23 15:45', 949.00),
(24, 9, '2024-03-24 11:20', 45845.53),
(25, 10, '2024-03-25 13:30', 2008.50),
(26, 11, '2024-03-26 16:15', 559.00),
(27, 12, '2024-03-27 14:00', 358.99),
(28, 13, '2024-03-28 10:45', 7884.29),
(29, 14, '2024-03-29 12:55', 48345.71),
(30, 15, '2024-03-30 09:50', 16028.63),
(31, 3, '2024-03-31 12:25', 1347.00),
(32, 6, '2024-04-01 14:15', 5398.00);

INSERT INTO OrderItems (order_item_id, order_id, product_id, quantity, price_at_purchase) VALUES
(1, 1, 5, 1, 5999.99),
(2, 1, 7, 2, 199.00),
(3, 2, 1, 1, 12999.99),
(4, 2, 14, 1, 399.00),
(5, 3, 8, 1, 399.00),
(6, 4, 3, 1, 2499.00),
(7, 5, 4, 1, 6999.50),
(8, 6, 9, 1, 799.00),
(9, 7, 6, 1, 1499.00),
(10, 8, 11, 1, 499.00),
(11, 8, 34, 1, 699.00),
(12, 9, 7, 1, 199.00),
(13, 10, 10, 1, 1499.00),
(14, 10, 28, 1, 949.00),
(15, 11, 2, 1, 49999.99),
(16, 12, 23, 1, 3154.75),
(17, 12, 25, 1, 358.99),
(18, 13, 31, 1, 1299.00),
(19, 14, 11, 1, 499.00),
(20, 14, 29, 2, 559.00),
(21, 15, 15, 1, 249.00),
(22, 15, 33, 1, 849.00),
(23, 16, 16, 1, 6525.59),
(24, 17, 12, 1, 1999.00),
(25, 17, 30, 1, 6599.00),
(26, 18, 22, 1, 7356.15),
(27, 19, 9, 1, 799.00),
(28, 20, 6, 1, 1499.00),
(29, 20, 24, 1, 4532.97),
(30, 21, 26, 1, 699.00),
(31, 22, 21, 1, 8902.44),
(32, 22, 27, 1, 1209.50),
(33, 23, 28, 1, 949.00),
(34, 24, 18, 1, 45845.53),
(35, 25, 27, 1, 1209.50),
(36, 25, 13, 1, 799.00),
(37, 26, 29, 1, 559.00),
(38, 27, 25, 1, 358.99),
(39, 28, 20, 1, 3985.29),
(40, 28, 35, 1, 3899.00),
(41, 29, 17, 1, 45046.71),
(42, 29, 32, 1, 3299.00),
(43, 30, 30, 1, 6599.00),
(44, 30, 19, 1, 9429.63),
(45, 31, 33, 1, 849.00),
(46, 31, 15, 2, 249.00),
(47, 32, 35, 1, 3899.00),
(48, 32, 10, 1, 1499.00);

INSERT INTO Payments (payment_id, order_id, payment_date, amount_paid, payment_method) VALUES
(1, 1, '2024-03-01 10:20', 6397.99, 'Credit Card'),
(2, 2, '2024-03-02 12:35', 13398.99, 'Bank Transfer'),
(3, 3, '2024-03-03 09:25', 399.00, 'Credit Card'),
(4, 4, '2024-03-04 15:50', 2499.00, 'Cash'),
(5, 5, '2024-03-05 11:10', 6999.50, 'Credit Card'),
(6, 6, '2024-03-06 14:15', 799.00, 'Cash'),
(7, 7, '2024-03-07 16:30', 1499.00, 'Credit Card'),
(8, 8, '2024-03-08 10:55', 1198.00, 'Bank Transfer'),
(9, 9, '2024-03-09 13:05', 199.00, 'Cash'),
(10, 10, '2024-03-10 17:35', 2448.00, 'Credit Card'),
(11, 11, '2024-03-11 09:20', 49999.99, 'Bank Transfer'),
(12, 12, '2024-03-12 11:50', 3513.74, 'Credit Card'),
(13, 13, '2024-03-13 13:30', 1299.00, 'Credit Card'),
(14, 14, '2024-03-14 14:35', 1617.00, 'Cash'),
(15, 15, '2024-03-15 10:15', 1098.00, 'Credit Card'),
(16, 16, '2024-03-16 16:00', 6525.59, 'Credit Card'),
(17, 17, '2024-03-17 16:15', 8598.00, 'Bank Transfer'),
(18, 18, '2024-03-18 12:05', 7356.15, 'Cash'),
(19, 19, '2024-03-19 13:55', 799.00, 'Credit Card'),
(20, 20, '2024-03-20 08:45', 6031.97, 'Cash'),
(21, 21, '2024-03-21 09:35', 699.00, 'Credit Card'),
(22, 22, '2024-03-22 17:10', 10111.94, 'Bank Transfer'),
(23, 23, '2024-03-23 15:50', 949.00, 'Credit Card'),
(24, 24, '2024-03-24 11:25', 45845.53, 'Bank Transfer'),
(25, 25, '2024-03-25 13:35', 2008.50, 'Credit Card'),
(26, 26, '2024-03-26 16:20', 559.00, 'Cash'),
(27, 27, '2024-03-27 14:05', 358.99, 'Credit Card'),
(28, 28, '2024-03-28 10:50', 7884.29, 'Bank Transfer'),
(29, 29, '2024-03-29 13:00', 48345.71, 'Credit Card'),
(30, 30, '2024-03-30 09:55', 16028.63, 'Bank Transfer'),
(31, 31, '2024-03-31 12:30', 1347.00, 'Credit Card'),
(32, 32, '2024-04-01 14:20', 5398.00, 'Cash');

INSERT INTO Shipping (shipping_id, order_id, shipping_date, shipping_status, tracking_number) VALUES
(1, 1, '2024-03-02 14:00', 'Доставлено', 'TRK20240301-0001'),
(2, 2, '2024-03-03 16:30', 'В пути', 'TRK20240302-0002'),
(3, 3, '2024-03-04 12:00', 'Доставлено', 'TRK20240303-0003'),
(4, 4, '2024-03-06 10:45', 'Ожидает отправки', 'TRK20240304-0004'),
(5, 5, '2024-03-06 15:30', 'В пути', 'TRK20240305-0005'),
(6, 6, '2024-03-08 09:00', 'Доставлено', 'TRK20240306-0006'),
(7, 7, '2024-03-09 13:10', 'Ожидает отправки', 'TRK20240307-0007'),
(8, 8, '2024-03-10 11:00', 'В пути', 'TRK20240308-0008'),
(9, 9, '2024-03-11 14:15', 'Доставлено', 'TRK20240309-0009'),
(10, 10, '2024-03-12 10:00', 'В пути', 'TRK20240310-0010'),
(11, 11, '2024-03-13 12:45', 'Доставлено', 'TRK20240311-0011'),
(12, 12, '2024-03-14 13:30', 'Ожидает отправки', 'TRK20240312-0012'),
(13, 13, '2024-03-15 12:30', 'В пути', 'TRK20240313-0013'),
(14, 14, '2024-03-16 10:45', 'Доставлено', 'TRK20240314-0014'),
(15, 15, '2024-03-16 14:20', 'Ожидает отправки', 'TRK20240315-0015'),
(16, 16, '2024-03-18 09:00', 'В пути', 'TRK20240316-0016'),
(17, 17, '2024-03-19 11:15', 'Доставлено', 'TRK20240317-0017'),
(18, 18, '2024-03-20 13:00', 'В пути', 'TRK20240318-0018'),
(19, 19, '2024-03-21 12:30', 'Доставлено', 'TRK20240319-0019'),
(20, 20, '2024-03-22 15:10', 'Ожидает отправки', 'TRK20240320-0020'),
(21, 21, '2024-03-23 10:40', 'В пути', 'TRK20240321-0021'),
(22, 22, '2024-03-24 14:55', 'Ожидает отправки', 'TRK20240322-0022'),
(23, 23, '2024-03-25 11:35', 'Доставлено', 'TRK20240323-0023'),
(24, 24, '2024-03-26 13:00', 'В пути', 'TRK20240324-0024'),
(25, 25, '2024-03-27 10:20', 'Ожидает отправки', 'TRK20240325-0025'),
(26, 26, '2024-03-28 15:00', 'Доставлено', 'TRK20240326-0026'),
(27, 27, '2024-03-29 12:40', 'В пути', 'TRK20240327-0027'),
(28, 28, '2024-03-30 11:25', 'Доставлено', 'TRK20240328-0028'),
(29, 29, '2024-03-31 13:10', 'В пути', 'TRK20240329-0029'),
(30, 30, '2024-04-01 14:00', 'Ожидает отправки', 'TRK20240330-0030'),
(31, 31, '2024-04-01 16:20', 'Доставлено', 'TRK20240331-0031'),
(32, 32, '2024-04-02 12:30', 'В пути', 'TRK20240401-0032');

INSERT INTO OrderHistory (history_id, order_id, status, change_date, changed_by) VALUES
(1, 1, 'Создан', '2024-03-01 10:15', 'system'),
(2, 1, 'Обрабатывается', '2024-03-01 12:00', 'admin'),
(3, 1, 'Передан в доставку', '2024-03-01 18:00', 'courier'),
(4, 1, 'В пути', '2024-03-02 10:30', 'courier'),
(5, 1, 'Доставлено', '2024-03-02 14:00', 'courier'),

(6, 2, 'Создан', '2024-03-02 12:30', 'system'),
(7, 2, 'Обрабатывается', '2024-03-02 15:00', 'admin'),
(8, 2, 'Передан в доставку', '2024-03-03 09:00', 'courier'),
(9, 2, 'В пути', '2024-03-03 16:30', 'courier'),

(10, 3, 'Создан', '2024-03-03 09:20', 'system'),
(11, 3, 'Обрабатывается', '2024-03-03 12:00', 'admin'),
(12, 3, 'Передан в доставку', '2024-03-03 19:00', 'courier'),
(13, 3, 'В пути', '2024-03-04 09:00', 'courier'),
(14, 3, 'Доставлено', '2024-03-04 12:00', 'courier'),

(15, 4, 'Создан', '2024-03-04 15:45', 'system'),
(16, 4, 'Обрабатывается', '2024-03-05 10:00', 'admin'),
(17, 4, 'Ожидает отправки', '2024-03-06 10:45', 'courier'),

(18, 5, 'Создан', '2024-03-05 11:00', 'system'),
(19, 5, 'Обрабатывается', '2024-03-05 15:30', 'admin'),
(20, 5, 'Передан в доставку', '2024-03-06 09:30', 'courier'),
(21, 5, 'В пути', '2024-03-06 15:30', 'courier'),

(22, 6, 'Создан', '2024-03-06 14:10', 'system'),
(23, 6, 'Обрабатывается', '2024-03-06 17:45', 'admin'),
(24, 6, 'Передан в доставку', '2024-03-07 10:00', 'courier'),
(25, 6, 'В пути', '2024-03-07 18:30', 'courier'),
(26, 6, 'Доставлено', '2024-03-08 09:00', 'courier'),

(27, 7, 'Создан', '2024-03-07 16:25', 'system'),
(28, 7, 'Обрабатывается', '2024-03-08 09:30', 'admin'),
(29, 7, 'Ожидает отправки', '2024-03-09 13:10', 'courier'),

(30, 8, 'Создан', '2024-03-08 10:50', 'system'),
(31, 8, 'Обрабатывается', '2024-03-08 15:10', 'admin'),
(32, 8, 'Передан в доставку', '2024-03-09 09:30', 'courier'),
(33, 8, 'В пути', '2024-03-10 11:00', 'courier'),

(34, 9, 'Создан', '2024-03-09 13:00', 'system'),
(35, 9, 'Обрабатывается', '2024-03-09 17:20', 'admin'),
(36, 9, 'Передан в доставку', '2024-03-10 13:00', 'courier'),
(37, 9, 'В пути', '2024-03-11 10:00', 'courier'),
(38, 9, 'Доставлено', '2024-03-11 14:15', 'courier'),

(39, 10, 'Создан', '2024-03-10 17:30', 'system'),
(40, 10, 'Обрабатывается', '2024-03-11 09:00', 'admin'),
(41, 10, 'Передан в доставку', '2024-03-12 09:30', 'courier'),
(42, 10, 'В пути', '2024-03-12 10:00', 'courier'),

(43, 11, 'Создан', '2024-03-11 09:15', 'system'),
(44, 11, 'Обрабатывается', '2024-03-11 12:00', 'admin'),
(45, 11, 'Передан в доставку', '2024-03-12 10:45', 'courier'),
(46, 11, 'В пути', '2024-03-13 09:00', 'courier'),
(47, 11, 'Доставлено', '2024-03-13 12:45', 'courier'),

(48, 12, 'Создан', '2024-03-12 11:45', 'system'),
(49, 12, 'Обрабатывается', '2024-03-12 15:00', 'admin'),
(50, 12, 'Ожидает отправки', '2024-03-14 13:30', 'courier'),

(51, 13, 'Создан', '2024-03-13 13:25', 'system'),
(52, 13, 'Обрабатывается', '2024-03-13 15:10', 'admin'),
(53, 13, 'Передан в доставку', '2024-03-14 10:00', 'courier'),
(54, 13, 'В пути', '2024-03-15 12:30', 'courier'),

(55, 14, 'Создан', '2024-03-14 14:30', 'system'),
(56, 14, 'Обрабатывается', '2024-03-14 17:00', 'admin'),
(57, 14, 'Передан в доставку', '2024-03-15 10:00', 'courier'),
(58, 14, 'В пути', '2024-03-15 17:45', 'courier'),
(59, 14, 'Доставлено', '2024-03-16 10:45', 'courier'),

(60, 15, 'Создан', '2024-03-15 10:10', 'system'),
(61, 15, 'Обрабатывается', '2024-03-15 13:00', 'admin'),
(62, 15, 'Ожидает отправки', '2024-03-16 14:20', 'courier'),

(63, 16, 'Создан', '2024-03-16 15:55', 'system'),
(64, 16, 'Обрабатывается', '2024-03-17 09:00', 'admin'),
(65, 16, 'Передан в доставку', '2024-03-17 13:30', 'courier'),
(66, 16, 'В пути', '2024-03-18 09:00', 'courier'),

(67, 17, 'Создан', '2024-03-17 16:10', 'system'),
(68, 17, 'Обрабатывается', '2024-03-17 18:00', 'admin'),
(69, 17, 'Передан в доставку', '2024-03-18 12:00', 'courier'),
(70, 17, 'В пути', '2024-03-18 19:15', 'courier'),
(71, 17, 'Доставлено', '2024-03-19 11:15', 'courier'),

(72, 18, 'Создан', '2024-03-18 12:00', 'system'),
(73, 18, 'Обрабатывается', '2024-03-18 14:00', 'admin'),
(74, 18, 'Передан в доставку', '2024-03-19 09:30', 'courier'),
(75, 18, 'В пути', '2024-03-20 13:00', 'courier'),

(76, 19, 'Создан', '2024-03-19 13:50', 'system'),
(77, 19, 'Обрабатывается', '2024-03-19 16:00', 'admin'),
(78, 19, 'Передан в доставку', '2024-03-20 08:00', 'courier'),
(79, 19, 'В пути', '2024-03-20 19:30', 'courier'),
(80, 19, 'Доставлено', '2024-03-21 12:30', 'courier'),

(81, 20, 'Создан', '2024-03-20 08:40', 'system'),
(82, 20, 'Обрабатывается', '2024-03-20 10:00', 'admin'),
(83, 20, 'Ожидает отправки', '2024-03-22 15:10', 'courier'),

(84, 21, 'Создан', '2024-03-21 09:30', 'system'),
(85, 21, 'Обрабатывается', '2024-03-21 11:00', 'admin'),
(86, 21, 'Передан в доставку', '2024-03-22 13:00', 'courier'),
(87, 21, 'В пути', '2024-03-23 10:40', 'courier'),

(88, 22, 'Создан', '2024-03-22 17:05', 'system'),
(89, 22, 'Обрабатывается', '2024-03-23 09:00', 'admin'),
(90, 22, 'Ожидает отправки', '2024-03-24 14:55', 'courier'),

(91, 23, 'Создан', '2024-03-23 15:45', 'system'),
(92, 23, 'Обрабатывается', '2024-03-23 17:00', 'admin'),
(93, 23, 'Передан в доставку', '2024-03-24 12:00', 'courier'),
(94, 23, 'В пути', '2024-03-24 11:35', 'courier'),
(95, 23, 'Доставлено', '2024-03-25 11:35', 'courier'),

(96, 24, 'Создан', '2024-03-24 11:20', 'system'),
(97, 24, 'Обрабатывается', '2024-03-24 14:00', 'admin'),
(98, 24, 'Передан в доставку', '2024-03-25 08:30', 'courier'),
(99, 24, 'В пути', '2024-03-26 13:00', 'courier'),

(100, 25, 'Создан', '2024-03-25 12:30', 'system'),
(101, 25, 'Обрабатывается', '2024-03-25 15:00', 'admin'),
(102, 25, 'Ожидает отправки', '2024-03-27 10:20', 'courier'),

(103, 26, 'Создан', '2024-03-26 10:10', 'system'),
(104, 26, 'Обрабатывается', '2024-03-26 12:40', 'admin'),
(105, 26, 'Передан в доставку', '2024-03-27 09:00', 'courier'),
(106, 26, 'В пути', '2024-03-28 10:30', 'courier'),
(107, 26, 'Доставлено', '2024-03-28 15:00', 'courier'),

(108, 27, 'Создан', '2024-03-27 09:30', 'system'),
(109, 27, 'Обрабатывается', '2024-03-27 12:00', 'admin'),
(110, 27, 'Передан в доставку', '2024-03-28 08:50', 'courier'),
(111, 27, 'В пути', '2024-03-29 12:40', 'courier'),

(112, 28, 'Создан', '2024-03-28 14:30', 'system'),
(113, 28, 'Обрабатывается', '2024-03-28 17:00', 'admin'),
(114, 28, 'Передан в доставку', '2024-03-29 10:30', 'courier'),
(115, 28, 'В пути', '2024-03-29 13:00', 'courier'),
(116, 28, 'Доставлено', '2024-03-30 11:25', 'courier'),

(117, 29, 'Создан', '2024-03-29 10:40', 'system'),
(118, 29, 'Обрабатывается', '2024-03-29 13:00', 'admin'),
(119, 29, 'Передан в доставку', '2024-03-30 08:00', 'courier'),
(120, 29, 'В пути', '2024-03-31 13:10', 'courier'),

(121, 30, 'Создан', '2024-03-30 12:20', 'system'),
(122, 30, 'Обрабатывается', '2024-03-30 15:10', 'admin'),
(123, 30, 'Ожидает отправки', '2024-04-01 14:00', 'courier'),

(124, 31, 'Создан', '2024-03-31 14:00', 'system'),
(125, 31, 'Обрабатывается', '2024-03-31 16:10', 'admin'),
(126, 31, 'Передан в доставку', '2024-04-01 08:20', 'courier'),
(127, 31, 'В пути', '2024-04-01 10:30', 'courier'),
(128, 31, 'Доставлено', '2024-04-02 16:20', 'courier'),

(129, 32, 'Создан', '2024-04-01 12:00', 'system'),
(130, 32, 'Обрабатывается', '2024-04-01 14:00', 'admin'),
(131, 32, 'Передан в доставку', '2024-04-02 09:30', 'courier'),
(132, 32, 'В пути', '2024-04-02 12:30', 'courier');

